site_id,latitude,longitude,operator,band,technology,height,power,tower_type,cell_id
"181409",9.92704,78.09846,"Airtel",900,"2G",25,43,"Rooftop",""
"181409",9.92704,78.09846,"Airtel",1800,"4G",25,43,"Rooftop",""
"181409",9.92704,78.09846,"Airtel",3500,"5G",25,43,"Rooftop",""
"181409",9.92704,78.09846,"Vi",900,"2G",25,43,"Rooftop",""
"181409",9.92704,78.09846,"Vi",1800,"4G",25,43,"Rooftop",""
"181409",9.92704,78.09846,"Vi",3500,"5G",25,43,"Rooftop",""
"182936",9.92735,78.11182,"Airtel",900,"2G",25,43,"Rooftop",""
"182936",9.92735,78.11182,"Airtel",1800,"4G",25,43,"Rooftop",""
"182936",9.92735,78.11182,"Airtel",3500,"5G",25,43,"Rooftop",""
"183091",9.92275,78.10461,"Airtel",3500,"5G",25,43,"Rooftop",""
"183517",9.92284,78.09847,"Airtel",1800,"4G",25,43,"Rooftop",""
"183993",9.93156,78.10996,"Vi",1800,"4G",25,43,"Rooftop",""
"184374",9.92799,78.10643,"Vi",1800,"4G",25,43,"Rooftop",""
"187097",9.93284,78.10603,"Jio",3500,"5G",25,43,"Rooftop",""
"202743",11.90729,79.70165,"Jio",2300,"4G",25,43,"Rooftop",""
"204036",11.90333,79.70152,"Vi",900,"2G",25,43,"Rooftop",""
"204036",11.90333,79.70152,"Vi",1800,"4G",25,43,"Rooftop",""
"206422",9.92279,78.09853,"Airtel",3500,"5G",25,43,"Rooftop",""
"206678",11.90165,79.73013,"BSNL",700,"4G",35,43,"Ground",""
"206692",9.92201,78.10535,"Airtel",1800,"4G",25,43,"Rooftop",""
"206705",9.93185,78.10996,"Jio",3500,"5G",25,43,"Rooftop",""
"210832",11.90301,79.73184,"Airtel",3500,"5G",25,43,"Rooftop",""
"211214",9.92838,78.11143,"Vi",900,"2G",25,43,"Rooftop",""
"211214",9.92838,78.11143,"Vi",1800,"4G",25,43,"Rooftop",""
"211511",9.92383,78.1133,"BSNL",700,"4G",25,43,"Rooftop",""
"211960",9.92924,78.10598,"Vi",900,"2G",25,43,"Rooftop",""
"211960",9.92924,78.10598,"Vi",1800,"4G",25,43,"Rooftop",""
"211960",9.92924,78.10598,"Vi",3500,"5G",25,43,"Rooftop",""
"211960",9.92924,78.10598,"Jio",2300,"4G",25,43,"Rooftop",""
"211960",9.92924,78.10598,"Jio",3500,"5G",25,43,"Rooftop",""
"230687",11.90314,79.70952,"Jio",3500,"5G",35,43,"Ground",""
"238381",9.93336,78.1083,"Airtel",1800,"4G",25,43,"Rooftop",""
"244107",9.93369,78.10097,"Jio",2300,"4G",25,43,"Rooftop",""
"244176",9.92831,78.10782,"BSNL",900,"2G",35,43,"Ground",""
"244176",9.92831,78.10782,"BSNL",700,"4G",35,43,"Ground",""
"278242",9.92868,78.10957,"Airtel",1800,"4G",25,43,"Rooftop",""
"278243",9.92783,78.09846,"Jio",3500,"5G",25,43,"Rooftop",""
"278423",9.92368,78.10342,"Jio",3500,"5G",25,43,"Rooftop",""
"278439",9.93374,78.10516,"Vi",1800,"4G",25,43,"Rooftop",""
"278464",9.9314,78.10126,"Airtel",1800,"4G",25,43,"Rooftop",""
"411053",9.926961,78.099583,"BSNL",900,"2G",25,43,"Rooftop",""
"411053",9.926961,78.099583,"BSNL",700,"4G",25,43,"Rooftop",""
"411166",9.931188,78.100064,"Airtel",1800,"4G",25,43,"Rooftop",""
"411310",9.931425,78.103722,"Airtel",3500,"5G",25,43,"Rooftop",""
"479243",11.907008,79.701813,"BSNL",700,"4G",35,43,"Ground",""
"497022",11.902999,79.730905,"Jio",2300,"4G",35,43,"Ground",""
"590788",9.9293,78.11269,"Airtel",1800,"4G",25,43,"Rooftop",""
"597088",11.90371,79.71072,"Airtel",1800,"4G",35,43,"Ground",""
"604565",9.93533,78.10128,"Jio",3500,"5G",25,43,"Rooftop",""
"645065",9.93206,78.09954,"Jio",3500,"5G",25,43,"Rooftop",""
"724313",9.92363,78.11351,"Jio",3500,"5G",25,43,"Rooftop",""
"831096",11.90113,79.72271,"Vi",1800,"4G",35,43,"Ground",""
"835367",9.930971,78.104501,"Jio",3500,"5G",25,43,"Rooftop",""
"857460",11.90328,79.73335,"Jio",2300,"4G",25,43,"Rooftop",""
"887443",11.90147,79.72336,"Airtel",3500,"5G",25,43,"Rooftop",""
"993119",11.90006,79.74081,"Jio",3500,"5G",35,43,"Ground",""
"996988",11.90352,79.70082,"Airtel",1800,"4G",25,43,"Rooftop",""
"1011380",9.93076,78.10797,"Jio",3500,"5G",25,43,"Rooftop",""
"1016157",9.93014,78.11217,"Vi",1800,"4G",25,43,"Rooftop",""
"1027380",11.89627,79.72878,"Vi",1800,"4G",35,43,"Ground",""
"1033334",11.90471,79.73843,"BSNL",700,"4G",35,43,"Ground",""
"1042314",9.93316,78.10838,"Vi",1800,"4G",25,43,"Rooftop",""
"1089514",9.931,78.10365,"Airtel",3500,"5G",25,43,"Rooftop",""